{
    "id": "$CONTENTID$",
    "untagged_corpus": "$$LARA/Content/$CONTENTID$/corpus/$CONTENTID$.txt",
    "corpus": "$$LARA/Content/$CONTENTID$/corpus/$CONTENTID$_tagged.txt",
    "translation_spreadsheet": "$$LARA/Content/$CONTENTID$/translations/$CONTENTID$_translations.csv",
    "translation_mouseover": "yes",
    "segment_translation_spreadsheet": "$$LARA/Content/$CONTENTID$/translations/$CONTENTID$_segment_translations.csv",
    "segment_translation_mouseover": "yes",
 	"image_directory": "$$LARA/Content/$CONTENTID$/images",
	"segment_audio_directory": "$$LARA/Content/$CONTENTID$/audio",
    "audio_mouseover": "no",
    "popup_audio": "no",
    "max_examples_per_word_page": 20
}
